1	live-supersonic-01	1800 1200	02012023 (1).jpeg
2	live-supersonic-21	1800 1200	02012023 (21).jpeg
3	live-supersonic-05	1800 1200	02012023 (5).jpeg
4	live-supersonic-11	1800 1200	02012023 (11).jpeg
5	live-supersonic-14	1800 1200	02012023 (14).jpeg
6	live-supersonic-16	1800 1200	02012023 (16).jpeg
7	live-supersonic-09	1200 1800	02012023 (9).jpeg
8	live-supersonic-18	1200 1800	02012023 (18).jpeg
9	live-supersonic-19	1200 1800	02012023 (19).jpeg
10	live-supersonic-03	1800 1200	02012023 (3).jpeg
11	live-supersonic-24	1800 1200	02012023 (24).jpeg
12	live-supersonic-35	1800 1200	02012023 (35).jpeg
13	live-supersonic-26	1200 1800	02012023 (26).jpeg
14	live-supersonic-27	1200 1800	02012023 (27).jpeg
15	live-supersonic-30	1200 1800	02012023 (30).jpeg
16	live-supersonic-31	1200 1800	02012023 (31).jpeg
17	live-supersonic-34	1200 1800	02012023 (34).jpeg
18	live-supersonic-37	1200 1800	02012023 (37).jpeg
19	live-supersonic-39	1800 1200	02012023 (39).jpeg
20	live-supersonic-42	1800 1200	02012023 (42).jpeg
21	live-supersonic-46	1200 1800	02012023 (46).jpeg
22	live-supersonic-49	1200 1800	02012023 (49).jpeg
23	live-supersonic-54	1200 1800	02012023 (54).jpeg
24	live-supersonic-43	1800 1200	02012023 (43).jpeg
25	live-supersonic-52	1800 1200	02012023 (52).jpeg
26	live-supersonic-60	1800 1200	02012023 (60).jpeg
27	live-supersonic-55	1200 1800	02012023 (55).jpeg
28	live-supersonic-58	1200 1800	02012023 (58).jpeg
29	live-supersonic-66	1200 1800	02012023 (66).jpeg
30	live-supersonic-61	1800 1200	02012023 (61).jpeg
31	live-supersonic-69	1800 1200	02012023 (69).jpeg
32	live-supersonic-67	1200 1800	02012023 (67).jpeg
33	live-supersonic-73	1200 1800	02012023 (73).jpeg
34	live-supersonic-71	1800 1200	02012023 (71).jpeg
35	live-supersonic-75	1800 1200	02012023 (75).jpeg
36	live-supersonic-78	1800 1200	02012023 (78).jpeg
37	live-supersonic-80	1800 1200	02012023 (80).jpeg
38	live-supersonic-84	1800 1200	02012023 (84).jpeg
39	live-supersonic-86	1800 1200	02012023 (86).jpeg
40	live-supersonic-82	1200 1800	02012023 (82).jpeg
41	montay-band-01	1144 1144	photo-1.jpg
42	montay-band-02	1521 1141	photo - 2.jpg
43	montay-band-03	1537 1153	photo - 3.jpg
44	montay-band-04	1509 1131	photo - 4.jpg
45	montay-band-05	1452 1089	photo - 5.jpg
46	montay-band-06	1532 1149	photo - 6.jpg
47	montay-band-07	1518 1138	photo - 7.jpg
48	montay-band-08	1390 1042	photo - 8.jpg
49	montay-band-09	1696 1131	photo - 9.jpg
50	montay-band-10	1613 1209	photo - 10.jpg
51	montay-band-11	1528 1145	photo - 11.jpg
52	montay-band-12	1787 1020	photo - 12.jpg
53	montay-band-13	1509 1132	photo - 13.jpg
54	montay-band-14	1532 1149	photo - 14.jpg
55	montay-band-15	1492 1119	photo - 15.jpg
56	montay-band-16	693 1040	photo - 16.jpg
57	montay-band-17	900 899	photo - 17.jpg
58	montay-band-18	1504 1128	photo - 18.jpg
59	montay-band-19	1418 1064	photo - 19.jpg
60	montay-band-20	1512 1134	photo - 20.jpg
61	montay-band-21	1502 1126	photo - 21.jpg
62	montay-band-22	1538 1153	photo - 22.jpg
63	montay-band-23	1525 1144	photo - 23.jpg
64	montay-band-24	1512 1134	photo - 24.jpg
65	montay-band-25	1530 1147	photo - 25.jpg
66	montay-band-26	1513 1135	photo - 26.jpg
67	montay-band-27	1514 1136	photo - 27.jpg
68	montay-band-28	1461 1096	photo - 28.jpg
69	montay-band-29	1046 1046	photo - 29.jpg
70	montay-band-30	1507 1130	photo - 30.jpg
71	montay-band-31	1085 1085	photo - 31.jpg
72	montay-band-32	694 1041	photo - 32.jpg
73	montay-band-33	820 820	photo - 33.jpg
74	montay-band-34	1800 1800	photo - 34.jpg
75	montay-band-35	1798 1800	photo - 35.jpg
76	montay-band-36	1125 1125	photo - 36.jpg
77	montay-band-37	1012 1012	photo - 37.jpg
78	montay-band-38	1125 1125	photo - 38.jpg
79	montay-band-39	907 620	photo - 39.png
